model,requests,errors,median_latency_ms,p95_latency_ms,mean_total_tokens,median_cost_usd,total_cost_usd
codex-lite,66,3,225.5,550.5,589.5909090909091,0.02805,1.91619
gpt-3.5-cheap,67,2,312.0,568.9999999999999,627.8507462686567,0.03051,2.16828
gpt-3.5-turbo,66,3,268.5,500.0,586.3484848484849,0.027630000000000002,1.95507
gpt-4-cheap,62,1,464.0,682.95,582.3064516129032,0.028409999999999998,1.8423
gpt-4-highlatency,54,1,1127.5,1462.2999999999993,539.9629629629629,0.02298,1.47585
gpt-4-legacy,64,1,521.5,797.5,596.15625,0.028155,1.95387
gpt-4o,58,3,364.5,601.4499999999999,573.2586206896551,0.03066,1.68696
gpt-4o-mini,63,1,230.0,432.79999999999995,602.3174603174604,0.02829,1.91412
